{
    "current": "Default",
    "presets": {
      "Default": {
        "sections": {
          "hero-slider":{
            "type":"hero-slider"
          },
          "collection-list": {
            "type": "collection-list",
            "blocks": {
              "collection-list-0": {
                "type": "collection"
              },
              "collection-list-1": {
                "type": "collection"
              },
              "collection-list-2": {
                "type": "collection"
              }
            },
            "block_order": [
              "collection-list-0",
              "collection-list-1",
              "collection-list-2"
            ]
          },
          "featured-collection": {
            "type": "featured-collection",
            "settings": {
              "collection": "frontpage"
            }
          },
          "featured-product": {
            "type": "featured-product"
          }
        },
        "content_for_index": [
          "hero-slider",
          "collection-list",
          "featured-collection",
          "featured-product"
        ]
      }
    }
  }
  